commodity,elasticity
AZ,2.90714285714286
BZ,6.5875
CA,2.95625
CB,3.83333333333333
CC,3.175
CD,2.1
CE,3.3
CF,3.3
CG,3.3
CH,3.45
CI,4.4
CJ,4.4
CK,4.05
CL,3.55
CM,3.75
DZ,2.8
EZ,2.8
FZ,1.9
GZ,1.9
HZ,1.9
IZ,1.9
JB,1.9
KZ,1.9
LZ,1.9
MC,1.9
OZ,1.9
PZ,1.9
QA,1.9
QB,1.9
SZ,1.9
