{"pL": 0.8640054521890788, "pK": 0.3955169825337157, "pI": 4.145792655308167, "B": 35389.60982635403, "R": 9431411.597973417, "Ri": 3471223.8539809855, "Rg": 3537463.319773791, "bKL": 0.9465270914726038, "CPI": 0.991197461115139, "Rreal": 9515169.245250804, "GDPPI": 0.9903499267367224, "GDP": 16475488.38150998, "T": 4642473.0943888845, "Kj": [203059.84231470717, 5632968.118089371, 10791339.472883658, 52110.59237198718, 258748.16370950648, 637050.6354041117, 451599.3399059388], "Lj": [143388.45585927376, 2949941.2204889827, 4667905.85562507, 44031.4989293635, 66124.99524284653, 92650.32240048543, 255032.70013561205], "KLj": [35099.41631562104, 813835.0521476241, 1404470.8173188507, 10166.18011627866, 26465.817488001157, 54138.15290521761, 68173.78798610062], "pKLj": [5.817818219916695, 5.869370996390033, 5.910592112711525, 5.769529825870306, 6.025570509374052, 6.132731002452393, 5.852173737487245], "Yj": [419543.07165762916, 13283430.235927122, 14389582.38895102, 376779.7217350695, 661191.0912735283, 1283336.412834447, 1269709.5911244736], "pYj": [0.9875421472407189, 0.9890290755166773, 0.9883443695990085, 0.9978073205909329, 1.0450520429520314, 1.0000000000215754, 1.0212454105014188], "Cj": [123176.85230448506, 3498347.440587458, 4392158.390210338, 274.74635882552286, 105276.46877431129, 375231.67634430923, 310645.5812986706], "pCj": [1.023380621149158, 1.061075887217667, 1.0255285664940885, 1.0274974063627786, 1.1787212183060347, 1.16274290208721, 1.164688877609111], "Mj": [62902.90000046389, 1299496.8289623524, 468044.2812191419, 35075.58458143867, 128140.4202714998, 634778.6609193742, 155705.57974602722], "pMj": [1.0000000000000124, 0.9999999999994185, 0.9999999999998952, 1.0000000000000133, 1.000000000000673, 0.9999999999976348, 1.0000000000001292], "Xj": [31884.997582994947, 1694915.9220582, 543072.592085809, 49080.9746134712, 148591.58779259498, 77776.3410722309, 274211.4503188699], "Dj": [387652.6771817147, 11588278.995063473, 13846432.545316737, 327698.4754669635, 512218.2091520326, 1205560.071762461, 995341.8460668724], "pDj": [0.9865312192398844, 0.9874445384664815, 0.9878927368575502, 0.9974797396239184, 1.0588993191409533, 1.000000000022942, 1.0272587717718449], "Sj": [450540.9122518196, 12887475.040873509, 14314412.30119419, 362773.7616577087, 639832.0386633958, 1840338.732681928, 1150956.6576473368], "pSj": [0.9884437931204051, 0.9887336031649405, 0.9882930662083373, 0.997724237032529, 1.0479749257220174, 1.000000000011054, 1.0236521194785138], "Gj": [1890.9481325856777, 98076.39475131688, 3257311.577946619, 0.02548009749088589, 33220.67629257978, 0.0, 44507.7206021363], "Ij": [6277.557623625021, 2560942.784225004, 713154.9174514104, 2046.1590605304045, 4545.44451172917, 0.0, 7404.476197536654], "Yij": [37445.86857215684, 254514.97999152317, 24317.54470746852, 51.97191254567535, 1474.4021230176072, 887.910146694129, 502.876737645797, 86907.90025664709, 4588102.625673768, 1669152.16642936, 92401.44466247014, 84926.8409378154, 102768.05670355826, 105849.38662692049, 30331.939647933177, 1886689.9441054603, 3446422.3626760957, 45905.09513030452, 78406.99772338272, 82294.2802926351, 381736.7959962391, 223.6297864381681, 236401.3407039793, 8714.224416997853, 113046.32092398984, 219.70422268497228, 1646.051632047171, 201.55907206396373, 12305.794581520782, 230414.41230342584, 38562.964107358704, 4670.303320163666, 194007.22914594857, 15489.223430332817, 1339.5221949792528, 22728.712917371107, 170795.89604845108, 150546.10445518373, 55582.13836604268, 124501.71166026515, 780620.7700752952, 160331.72282091278, 13544.747890843375, 420631.3904635505, 232136.59009484106, 15062.78238865106, 18725.73721402182, 19594.30741542844, 68703.32408060312], "I": 837288.3408763902, "w": [0.6884497472249185, 0.5703626971679955, 0.569886465878918, 0.5601186746436919, 0.5653643402422428, 0.5779606783065216, 0.5726922519851343], "aYij": [0.05417492136759507, 0.01285781556532995, 0.010462159386279457, 0.14751892195813143, 0.18829913666815498, 0.608274465111678, 0.1262743259888708], "pC_Ej": [0.9368445958713569, 1.3124357185619933, 0.8578693751665417, 0.5891535805557917, 0.8559090927460408, 0.9081858202573427, 1.9590839346738216, 1.606685837552133], "lambda_nE": 0.9913380890500517, "alphaCj0": 0.06392250130541433, "sD": 0.21283821047386903, "lambda_KL": [0.9809973407475625]}